﻿Name,Assign,Status
"Yes, Flutter apps can handle millions of users. The performance and scalability of a Flutter app depend on several factors such as the design, architecture, and implementation of the app.",,
Credentials,,
Full App Features,,
Getting Started with Flutter,,
Documentation,,
"Product Hunt – The best new products in tech.
Product Hunt is a curation of the best new products, every day. Discover the latest mobile apps, websites, and technology products that everyone's talking about.
https://www.producthunt.com/",,
UI Design,,
Live GPS Tracking,,Not started
NDMMRC or local News/Services - Alerts,,Not started
Red Cross - Blood Donations,,Not started
"News Scraper, that will GPT give possible solution.",,Not started
AI Powered Chat Support/Emergency Assist,,Not started
AI Powered Video Editing,,Not started
Face detection for emergency.,,Not started
ARLT - Coin https://coinmanufactory.com/ ETH Network,,Not started
Travel Mode/Home,,Not started
Auto-post Videos in Social Media accounts.,,Not started
dotenv all credentials,,Not started
Decentralized Database,,Not started
Fire Agency has the ability to ask for support to other Fire Agencies.,,Not started
"Solve carnapping incidents, HOW?",,Not started
Face Registration in flutter,,Not started