﻿Name,Assign,Status
"Yes, Flutter apps can handle millions of users. The performance and scalability of a Flutter app depend on several factors such as the design, architecture, and implementation of the app.",,
Credentials,,
Full App Features,,
Getting Started with Flutter,,
Documentation,,
Live GPS Tracking,,Not started
NDMMRC or local News/Services - Alerts,,Not started
Red Cross - Blood Donations,,Not started
"News Scraper, that will GPT give possible solution.",,Not started
AI Powered Chat Support,,Not started
AI Powered Video Editing,,Not started
Face detection for emergency.,,Not started
ARLT - Coin https://coinmanufactory.com/ ETH Network,,Not started
Travel Mode/Home,,Not started
Auto-post Videos in Social Media accounts.,,Not started
dotenv all credentials,,Not started